{
  "version": 1,
  "author": "Anonymous maker",
  "editor": "wokwi",
  "parts": [
    { "type": "board-esp32-s3-devkitc-1", "id": "esp", "top": 0, "left": 0, "attrs": {} },
    {
      "type": "wokwi-a4988",
      "id": "drv1",
      "top": -23.8,
      "left": 149.2,
      "rotate": 270,
      "attrs": {}
    },
    {
      "type": "wokwi-a4988",
      "id": "drv2",
      "top": -23.8,
      "left": -71.6,
      "rotate": 270,
      "attrs": {}
    },
    {
      "type": "wokwi-stepper-motor",
      "id": "stepper1",
      "top": -226.79,
      "left": -124.37,
      "attrs": { "size": "17", "arrow": "blue" }
    },
    {
      "type": "wokwi-stepper-motor",
      "id": "stepper2",
      "top": -226.79,
      "left": 96.43,
      "attrs": { "size": "17", "arrow": "red" }
    },
    {
      "type": "wokwi-text",
      "id": "text1",
      "top": -230.4,
      "left": -57.6,
      "attrs": { "text": "12" }
    },
    { "type": "wokwi-text", "id": "text2", "top": -153.6, "left": 28.8, "attrs": { "text": "3" } },
    { "type": "wokwi-text", "id": "text3", "top": -86.4, "left": -48, "attrs": { "text": "6" } },
    {
      "type": "wokwi-text",
      "id": "text4",
      "top": -153.6,
      "left": -124.8,
      "attrs": { "text": "9" }
    },
    { "type": "wokwi-text", "id": "text5", "top": -153.6, "left": 96, "attrs": { "text": "9" } },
    {
      "type": "wokwi-text",
      "id": "text6",
      "top": -230.4,
      "left": 163.2,
      "attrs": { "text": "12" }
    },
    {
      "type": "wokwi-text",
      "id": "text7",
      "top": -153.6,
      "left": 249.6,
      "attrs": { "text": "3" }
    },
    { "type": "wokwi-text", "id": "text8", "top": -86.4, "left": 172.8, "attrs": { "text": "6" } },
    {
      "type": "wokwi-text",
      "id": "text9",
      "top": -268.8,
      "left": -67.2,
      "attrs": { "text": "Hour" }
    },
    {
      "type": "wokwi-text",
      "id": "text10",
      "top": -268.8,
      "left": 153.6,
      "attrs": { "text": "Minute" }
    }
  ],
  "connections": [
    [ "esp:TX", "$serialMonitor:RX", "", [] ],
    [ "esp:RX", "$serialMonitor:TX", "", [] ],
    [ "drv2:1B", "stepper1:B-", "green", [ "v-9.75", "h9.68" ] ],
    [ "stepper1:B+", "drv2:1A", "green", [ "v28.8", "h-9.68" ] ],
    [ "drv2:2A", "stepper1:A+", "green", [ "v0" ] ],
    [ "drv2:2B", "stepper1:A-", "green", [ "v0" ] ],
    [ "drv2:DIR", "esp:10", "white", [ "v0" ] ],
    [ "drv2:STEP", "esp:9", "blue", [ "v0" ] ],
    [ "drv1:2B", "stepper2:A-", "green", [ "v0" ] ],
    [ "drv1:2A", "stepper2:A+", "green", [ "v0" ] ],
    [ "drv1:1A", "stepper2:B+", "green", [ "v0" ] ],
    [ "drv1:1B", "stepper2:B-", "green", [ "v0" ] ],
    [ "drv2:VDD", "esp:3V3.1", "red", [ "v-9.75", "h19.28" ] ],
    [ "drv1:VDD", "esp:3V3.1", "red", [ "v-9.75", "h-191.92" ] ],
    [ "drv2:GND.1", "esp:GND.2", "black", [ "h0" ] ],
    [ "drv1:GND.1", "esp:GND.2", "black", [ "h0.08", "v-19.35", "h-124.8" ] ],
    [ "drv1:STEP", "esp:11", "blue", [ "v0" ] ],
    [ "drv1:DIR", "esp:12", "white", [ "v0" ] ],
    [ "drv1:RESET", "drv1:SLEEP", "green", [ "v9.6", "h9.6" ] ],
    [ "drv2:SLEEP", "drv2:RESET", "green", [ "v9.6", "h-9.6" ] ]
  ],
  "dependencies": {}
}